JOIN_KEY|BTH_YR|GENDER
X0010254691714933659|1990|1
X0013455316779233219|1954|2
X0019385710745765957|1977|1
X0019442830801994941|1992|1
X0032015350750301834|1968|1
X0040437714409076855|1961|2
X0060546064543865767|1994|1
X0080319379158089172|1985|1
X0088676443599868338|1999|2
X0113312418671928134|1998|1
X0140193890593502132|1956|2
X0145676426465876109|1968|2
X0175285231787076298|1984|2
X0177996937041300376|1994|2
X0203394909997638707|1978|1
X0209640967062397585|1964|2
X0210575559057013960|1972|2
X0212061638066139876|1967|2
X0214807498644962070|1973|1
X0215247670892594418|1980|1
X0216321737024323898|1961|2
X0221212769369921829|1967|1
X0241291520095316932|1970|2
X0247060335368829801|1957|2
X0251392774322440779|1949|1
X0285439617596665512|1943|2
X0286636161588845387|1941|2
X0295829070632811451|1982|2
X0298465323177514236|1968|2
X0301386901660578111|1977|1
X0312781276809299306|1969|1
X0314608091836797889|1974|2
X0327785723698884853|1939|2
X0333044583416978151|1951|2
X0339813499954255847|1978|2
X0342060941186493169|1956|1
X0348610625361473636|1985|1
X0377358127202124582|1961|2
X0392110483605601454|1954|2
X0395097918011318696|1942|2
X0405806031336308091|1979|2
X0412073205247474149|1992|2
X0413657394880531462|1992|1
X0422341154717735615|1989|1
X0455965488226319910|1986|2
X0456268139651732219|1950|2
X0471166329698944221|1956|1
X0472554518406992051|1982|2
X0473756250702972881|1958|2
X0474444465014724107|1967|1
X0486603805283773310|1992|2
X0503775240443034790|1989|1
X0514353563147030638|1982|1
X0532679315083829433|1982|2
X0537256399475264198|1965|2
X0572496026694316067|1978|1
X0606248352401086725|1960|2
X0613099534023310630|1967|2
X0625576491039381544|1947|2
X0637170584222319633|1994|2
X0661810409959229091|1977|1
X0668057101990803274|1978|1
X0693784475092091273|1966|2
X0698604890950596581|1990|2
X0703401069578360095|1981|2
X0720034225720248995|1975|2
X0730311770295694854|1985|1
X0743061348227031829|1953|1
X0749357130499290257|1977|1
X0762228502784860589|1974|1
X0764410479830242880|1982|1
X0774510471813945692|1989|1
X0774910241059947747|1995|2
X0779005553198332585|1999|1
X0779652289103911517|1970|1
X0785809021912126924|1977|1
X0791761078322160765|1939|2
X0796947585904452703|1967|1
X0803967979372159613|1984|2
X0809448353684397318|1982|1
X0823939707811858971|1957|1
X0828950128790579787|1972|2
X0837953406890401060|1977|2
X0848384277975062306|1942|2
X0848424531375876030|1971|1
X0853428001738506356|1942|2
X0861751981142527673|1988|2
X0866316143886259825|1969|1
X0867055772289735448|1947|1
X0873338590822724632|1971|1
X0875438910676323028|1955|1
X0879706230138632991|1960|1
X0888038148131329959|1974|1
X0895513129120087451|1987|1
X0902321530762177031|1964|2
X0959519130918248285|1978|1
X0960497662201244784|1995|1
X0960894091378478080|1943|1
X0983558409008878998|1980|2
X1000229353920307289|1960|2
X1025236457578208991|1984|2
X1042659619648195910|1973|1
X1053578104200330831|1984|1
X1069545832401149615|1958|1
X1091864728115573215|1982|1
X1092541663293331460|1987|2
X1111758388561320032|1943|1
X1137695444463724851|1965|1
X1173425617012937013|1951|1
X1173800509457619603|1958|1
X1180826761489217056|1961|1
X1187604299724996914|1936|2
X1200050032879964152|1978|1
X1244861070946914897|1986|1
X1251526593848678992|1982|1
X1261357907046473975|1963|1
X1267046485150364362|1964|1
X1270282022669416905|1976|1
X1273692696443472008|1977|1
X1287309600618149446|1973|2
X1293042705638532505|1980|2
X1326866569239516299|1965|2
X1334038795686112649|1968|2
X1334065216483249715|1936|2
X1343784891986409473|1955|1
X1351598133567152875|1967|2
X1351814253524227330|1976|1
X1362917639137507099|1979|2
X1366085891300968111|1985|2
X1367078416516258983|1960|1
X1367751995500521387|1968|1
X1372419838512298343|1951|2
X1374492449383733364|1967|2
X1379642081393646926|1959|2
X1385664480883953082|1965|1
X1386403888886162387|1952|1
X1397068237478857115|1972|2
X1407930913718238944|1957|2
X1415139657132215273|1964|2
X1424835116294407642|1994|1
X1428459279388631495|1973|1
X1429239910168358535|1957|2
X1460867409971700598|1956|1
X1479502308544178550|1968|2
X1481785315876866865|1974|1
X1490546049023072142|1961|2
X1503427408240155172|1971|2
X1503464773660237508|1959|2
X1523705123036737212|1950|1
X1534732403393247335|1974|2
X1547388396998854831|1992|1
X1551032840031708060|1952|2
X1557755609090268794|1974|2
X1564851903768054950|1967|1
X1574510253998630559|1971|2
X1580652519185127443|1968|1
X1583335950610837303|1975|1
X1592965820874893600|1996|2
X1603646859671538397|1999|2
X1619301537888711434|1960|2
X1619370272889003716|1938|2
X1621049450812812052|1936|2
X1626029310980007973|1984|1
X1639010719447223052|1972|1
X1651849710474790893|1993|2
X1666351825965221963|1986|2
X1666967319651152110|1959|1
X1667426776398345669|1974|2
X1668529218379245893|1939|2
X1668675012460725053|1964|1
X1671342202952122926|1974|1
X1680565879481891256|1949|1
X1685721089375416978|1980|2
X1685956779400278004|1965|1
X1688794158644288132|1938|2
X1689308815062947117|1994|2
X1696157148419708489|1981|1
X1697908806996861125|1982|2
X1715221723297301131|1953|2
X1719224191789821745|1977|2
X1720734606777376606|1950|1
X1725716482622500043|1989|1
X1728497716491745292|1985|2
X1748909111583625316|1987|2
X1753657389323253625|1987|1
X1763171644640325430|1989|2
X1771903082506084838|1969|1
X1790693897930294302|1956|1
X1793757468297682087|1975|1
X1804787235043633058|1996|1
X1806488673459483955|1989|2
X1811826510751224556|1980|2
X1813181577540040985|1965|1
X1815250773870548446|1978|2
X1819153436272523991|1985|2
X1846012967591536205|1963|1
X1848308107559189805|1990|2
X1849890167843079000|1988|2
X1861556647298792128|1985|1
X1874891449721014876|1985|1
X1876983802327030907|1962|1
X1886962507346046904|1985|2
X1898846622602385555|1967|2
X1903298678581671361|1995|1
X1919113473840104269|1976|1
X1921341536882436789|1939|2
X1925661729049209314|1968|2
X1929218349101326286|1972|2
X1934984499838527733|1959|1
X1941390655310316072|1964|2
X1973337219919627355|1947|1
X1974310370427132672|1956|2
X1982724423914976288|1989|2
X1990454879730815442|1987|1
X1996335287442851807|1994|2
X2003825727800264522|1957|2
X2009656548357742655|1964|2
X2011706375772168872|1976|1
X2013756350754637730|1944|2
X2029469927243386011|1981|2
X2033077209424551641|1957|1
X2059044189588533913|1975|2
X2059760410473104271|1981|1
X2065879950461977383|1959|2
X2074307323541886102|1979|1
X2101916600847450684|1999|2
X2104511641877714794|1971|2
X2123775081745019989|1958|2
X2125930182975884432|1977|2
X2137687914143622697|1972|2
X2150494015157310389|1974|1
X2153588930493481124|1949|1
X2162991026292343320|1992|2
X2164786723890574410|1998|2
X2167859911096113775|1983|1
X2168902235847788646|1971|1
X2170457271360103448|1965|1
X2171598694816055409|1960|1
X2176801116357683423|1991|1
X2179158690176710396|1964|1
X2187222889355130881|1981|2
X2187608991788380519|1940|2
X2187628529525583401|1977|1
X2193597546648509777|1958|2
X2197770217406705785|1967|1
X2198476223296047034|1976|1
X2198784087692714184|1973|1
X2199186740082927503|1938|2
X2204262089683124704|1991|1
X2220378088020541739|1995|1
X2220666767688897546|1972|2
X2232025506342220616|1958|2
X2242345592360178047|1980|2
X2250813426376617954|1971|2
X2257926426167063041|1962|2
X2277267992736187184|1980|2
X2282427034430852439|1991|1
X2283765228590531138|1964|1
X2296763725171559325|1936|2
X2297622368579994688|1993|2
X2313267992499333325|1959|1
X2326837919883762409|1968|2
X2336840863662647995|1981|2
X2349357978199977370|1983|1
X2367357141493479289|1994|1
X2370509638132804910|1990|1
X2372296380655382926|1978|2
X2377148920117973074|1951|2
X2391765909759358053|1957|1
X2396944568558637628|1978|2
X2409456922317635954|1992|1
X2413532414871888208|1990|2
X2415380246512448208|1990|1
X2422552519399488649|1993|2
X2475110570981182035|1983|1
X2488119480895716240|1989|1
X2489479242960860623|1938|1
X2509179986246987590|1968|1
X2518698063305684836|1986|1
X2523527707382636332|1954|1
X2533465224252378313|1961|2
X2556966725024117825|1972|2
X2560601483811579556|1984|1
X2569216510055334053|1939|1
X2572763391621325770|1984|1
X2576796002441165708|1975|2
X2580269377575143195|1978|1
X2589899149777249827|1970|2
X2605009755714045174|1976|1
X2611587614441806178|1960|1
X2642463332292804811|1955|1
X2677825498610716269|1959|2
X2683129622756209376|1961|2
X2684604260682185247|1977|1
X2691484664468729841|1959|2
X2700364928077236685|1946|1
X2706046005549540667|1961|1
X2726130049811038607|1997|2
X2727489185761440925|1972|1
X2730874904757278547|1947|2
X2741175597325561365|1984|2
X2744368740229097260|1981|2
X2744668671886810822|1967|2
X2749006758679967212|1949|1
X2753361433216389496|1946|1
X2753627185932556358|1942|1
X2773114268052584307|1978|2
X2774910708693141823|1985|1
X2779964109757743760|1974|2
X2780444057206477037|1983|1
X2786400668763157187|1993|2
X2792053835286151221|1994|2
X2793650993212719774|1959|2
X2798766805203306079|1947|2
X2818921955456340111|1975|2
X2819640403078514785|1977|1
X2838492378681574259|1953|1
X2841533766484800838|1945|1
X2870092970504839553|1987|2
X2874406173532814459|1981|2
X2874657654334652488|1963|1
X2913206171589612605|1970|1
X2913987735253268465|1988|1
X2928529559969245569|1947|1
X2931280474975702237|1977|2
X2934572229567594530|1994|2
X2947031446538173603|1964|2
X2947707549601115835|1955|1
X2948833685525209593|1956|1
X2957270466527536990|1957|1
X2966814662164816632|1971|1
X2974633536456594134|1941|2
X3008090154722563553|1981|1
X3014112223674711257|1984|1
X3017011347691191798|1984|1
X3022369132460614467|1976|1
X3027039702776413814|1955|1
X3028373407009380349|1951|1
X3032982444478127788|1966|2
X3041098523388272918|1946|1
X3054600563373481152|1973|1
X3068454344212298659|1961|1
X3082635118187763082|1997|1
X3090074251362616615|1979|1
X3108154614253732517|1973|1
X3110139400746611735|1966|2
X3111939965546793364|1963|1
X3114369048403189627|1948|2
X3115927344403797821|1984|1
X3128624660775869593|1967|1
X3148005852934136805|1993|2
X3152579810108280687|1967|1
X3186276558909864550|1981|1
X3192545653065948974|1991|2
X3206858394913801810|1950|1
X3208581854122376841|1951|2
X3214803741766016007|1944|1
X3218941937414245288|1997|1
X3236105396990782507|1962|2
X3244244782899085339|1974|1
X3247761202311930861|1992|2
X3247847898301573084|1976|2
X3263824463435597181|1976|2
X3265944947976225981|1977|2
X3282525897355892979|1958|1
X3293734595463936521|1961|1
X3297797421738603185|1951|1
X3298544165752652079|1954|2
X3300388065109867406|1957|2
X3301700762913717553|1970|1
X3302010651565673594|1975|1
X3324967601543683790|1971|2
X3331466111596349001|1978|1
X3334894444495485088|1985|1
X3349707353047821793|1999|2
X3351156956221766222|1993|1
X3351790471117934972|1963|1
X3371429426812938140|1973|2
X3372132385200165340|1958|1
X3380963461364552927|1945|1
X3393983029867151202|1988|1
X3400077536096836637|1985|2
X3400088481149753332|1978|1
X3405610381978062247|1969|1
X3425763343665118842|1968|1
X3427306787279041733|1947|1
X3433347927821240971|1968|1
X3441052033776117257|1940|1
X3469775208481899087|1975|1
X3506219573425307863|1954|1
X3508906977673755692|1972|2
X3523840690036708547|1966|2
X3527753009208246666|1979|1
X3529479549083509956|1967|1
X3540073787645188784|1975|2
X3574109840204498766|1964|2
X3579805731912401199|1984|1
X3583440501338720290|1966|2
X3606945037814423842|1952|1
X3620658510885354054|1999|1
X3620729491449652838|1968|2
X3622777429540645234|1986|1
X3622980233230277679|1971|1
X3627136000368813412|1985|1
X3634244902392467790|1982|1
X3636121924492989922|1992|1
X3667001210728734523|1979|1
X3674743597232539916|1993|1
X3683462306821868543|1986|2
X3687699449112318418|1995|2
X3698605243095407380|1991|1
X3713633230740546847|1982|2
X3721739436754185728|1963|2
X3722684578362815927|1966|1
X3725437481551456713|1967|2
X3727985533377486259|1984|1
X3731376400499428952|1959|2
X3779067913734089071|1954|2
X3781867769431146847|1996|1
X3783034283427364818|1980|1
X3785865078236484096|1964|1
X3788905401978286985|1986|2
X3791693849263913514|1956|1
X3792447574433516217|1935|1
X3805710958874073545|1965|2
X3827631026496308520|1994|2
X3833150012642993895|1972|1
X3868306958905783351|1983|1
X3890419491343099460|1969|2
X3893160764540191598|1978|1
X3897310395376939750|1957|1
X3903784375893821354|1982|2
X3934562752116980711|1987|2
X3939380385683245530|1962|2
X3947588119357611554|1977|1
X3954218777440184272|1952|1
X3961661566142143451|1991|1
X3969997018426746778|1984|2
X3970341711398997403|1993|1
X3976226071239518375|1949|1
X3976322729155545951|1975|2
X3977143353169903666|1973|1
X3981096340053188349|1976|2
X4003759810338571392|1967|2
X4015398379442123030|1942|2
X4029540340118487640|1961|2
X4030097771962451457|1960|2
X4061259536580886179|1973|1
X4066461877371095821|1970|1
X4071041557584473364|1987|2
X4072201578621812743|1982|1
X4077260272734899179|1970|2
X4079789878231698165|1989|2
X4080591830428605980|1953|2
X4098194556550897043|1965|1
X4099252205833586050|1976|1
X4103557507319314107|1974|1
X4120136625712922262|1960|1
X4123184595947614306|1958|1
X4131293565164550040|1960|1
X4133553918191585672|1975|2
X4135518821650992509|1995|2
X4158358806208076070|1966|1
X4161383084859740921|1993|2
X4163114991720219178|1975|1
X4172656324118280513|1987|1
X4174390419314448560|1985|2
X4174609986836068525|1975|1
X4190409990158895121|1954|2
X4204374753400982891|1992|1
X4235701645008469524|1953|2
X4239606616106310727|1967|2
X4262781802922740657|1988|1
X4275830789323471771|1977|1
X4294635325197046439|1995|1
X4303418514996875284|1958|1
X4307160172754847975|1946|2
X4320684426706897585|1979|1
X4326794397503444228|1949|2
X4328631174306952652|1976|2
X4331175741909555011|1989|2
X4341374878613072600|1991|1
X4349793679345124048|1974|2
X4356745253527830286|1963|1
X4363559724990332378|1967|1
X4372324543863578108|1935|1
X4372866206584033492|1974|1
X4382237374448276316|1984|2
X4383136684353870112|1958|1
X4408395645554068224|1946|2
X4431092681197609673|1978|1
X4432427293563645797|1970|2
X4438806046111260106|1957|1
X4440860357513085829|1984|2
X4455690546841881972|1980|1
X4457569925326966762|1981|2
X4460988420387403885|1978|2
X4468651615069270149|1966|1
X4480473153534425762|1973|2
X4488462825207125679|1957|1
X4494932747575252839|1959|2
X4497009134462104208|1961|1
X4498091116409221151|1965|1
X4504018505108442029|1994|2
X4507217927997665151|1970|2
X4508938638795149254|1979|2
X4522071819207352283|1969|2
X4524168828544014914|1951|1
X4525394700179229894|1955|1
X4533547689625906855|1954|2
X4547588724689174382|1995|1
X4577108641333827457|1953|1
X4578018819151420199|1992|1
X4598473058779707268|1960|2
X4610110729154546660|1937|1
X4611990289401091807|1960|1
X4614834009493192292|1983|1
X4615865364123517814|1959|2
X4623027380266874327|1952|1
X4652778498876421954|1962|1
X4660180828890187622|1974|1
X4665617950916907901|1943|1
X4673210615233228339|1938|2
X4674309578430842019|1965|1
X4693778772984687309|1955|1
X4705645843660110215|1993|1
X4709129755409905257|1960|1
X4722702305338195998|1960|2
X4731307088244951267|1992|1
X4733107113400198920|1958|1
X4750013574050975152|1982|1
X4769559441015447655|1959|2
X4774036732990400909|1950|2
X4786099335216865586|1954|1
X4794884902545743850|1983|1
X4812321293028528315|1988|1
X4813124466963724867|1983|1
X4827263024999522051|1951|1
X4841264517530315473|1960|2
X4849801365079222862|1958|2
X4852095618551546347|1990|1
X4888135217415282865|1991|1
X4895782418978496862|1958|2
X4917086672193233699|1979|1
X4919936248638230589|1982|2
X4922425752301851381|1979|1
X4927809378851503701|1945|2
X4928839668625533116|1987|2
X4929039867563215913|1963|1
X4941636120146871571|1974|1
X4953265402509370722|1950|1
X4959560944115992706|1978|1
X4960675516011166448|1973|1
X4974722261597604840|1984|1
X4979405724772227710|1981|1
X4985464443987399635|1988|1
X4987830842382119852|1972|2
X4991574957956116162|1974|1
X4992032146677412288|1973|1
X4993550339341634840|1967|1
X4996871540335588440|1979|2
X4996906301797704793|1943|1
X4997591946888935517|1966|2
X5001589591316231345|1969|1
X5034920032157930247|1963|1
X5041901047466574739|1959|2
X5055215405122990293|1956|2
X5061946558023806348|1990|2
X5066401287334308088|1963|1
X5070311239906974543|1969|2
X5095389958870146342|1952|1
X5096134241174116348|1938|1
X5103795021060968948|1973|1
X5106520210529012967|1996|1
X5114799966625152199|1977|1
X5115375973898949784|1962|1
X5127433744437856029|1996|1
X5143451991854282165|1999|2
X5158631096510156613|1944|2
X5165266092461992407|1975|1
X5179468888924980820|1971|2
X5185932927569296266|1974|1
X5223205776502535531|1956|1
X5224520801739840886|1973|1
X5245491311514256275|1979|2
X5248524437751730283|1970|1
X5255184456916910238|1946|2
X5259105723555283791|1966|2
X5281898159504214242|1993|2
X5290866659901927359|1960|2
X5293287619616298697|1982|2
X5293767259050792488|1974|1
X5296820298828635161|1984|2
X5297776100678619660|1964|1
X5299838617375767843|1975|1
X5300577935293625527|1977|1
X5303757679620233252|1954|1
X5318593635993830783|1980|2
X5321939449889340025|1956|2
X5331051675194132805|1955|2
X5364184131538156883|1964|1
X5366869684409554527|1968|2
X5375008748899368667|1995|1
X5416920805292383542|1999|1
X5421779298505192572|1943|1
X5427928648802464978|1948|2
X5438596208348066559|1987|1
X5460836136227607877|1990|2
X5482831129257720770|1968|2
X5483041180861818669|1984|2
X5490258025220542750|1983|1
X5497915876910854321|1991|1
X5499391694125342591|1965|1
X5505143680379038865|1991|2
X5508239499200235445|1957|1
X5529606756629685859|1956|1
X5566236040687250066|1976|1
X5576974456883351172|1968|2
X5585985737477466277|1944|1
X5587059161284312441|1977|1
X5594387111559119831|1999|1
X5596987769102965631|1988|1
X5601988788336082103|1959|1
X5610251032332856992|1982|2
X5630243151259398983|1982|2
X5636079643637054036|1959|1
X5636140469662091846|1966|1
X5643289497442420951|1994|1
X5690007374965019242|1950|2
X5699587241185476242|1953|1
X5709302435726804617|1957|1
X5710410967452328209|1964|2
X5715377073457513684|1963|1
X5755552929534670427|1972|1
X5757061059759508422|1981|2
X5759179588876928290|1965|1
X5776925231600206289|1966|1
X5787855889945564616|1972|1
X5798476851697525937|1970|1
X5810803399093435437|1956|1
X5823583757170761181|1964|2
X5838608101985539114|1994|1
X5872062680336525167|1959|1
X5874945257580883243|1971|1
X5889128510578257906|1970|2
X5899750631206893220|1970|2
X5928844226258758635|1968|1
X5955203542523619412|1985|2
X5956643918898513782|1952|1
X5957517047984167144|1954|1
X5959097260401793179|1994|1
X5982051977145049876|1971|1
X6007607998216014648|1969|2
X6015347799852612294|1977|1
X6016807197665669451|1970|1
X6017096017423407134|1959|2
X6024585812819204260|1956|1
X6026388358190618536|1954|2
X6031077164242661968|1954|2
X6032732203730642149|1990|2
X6034917489106099061|1958|1
X6053279856215470606|1962|1
X6054008706421622110|1972|1
X6055666619646312521|1948|2
X6062353462237948556|1994|1
X6067611545848630176|1976|1
X6075730091288119485|1992|2
X6082481855980240021|1980|1
X6084991490336223232|1993|1
X6099818145119613272|1976|2
X6100235355690125989|1986|2
X6105719675918277060|1999|2
X6144586890095498630|1953|2
X6153148629087220689|1962|2
X6166038660272184541|1971|1
X6179562872024298122|1976|1
X6182700170652619224|1939|2
X6186577400405364930|1967|1
X6205145556884319102|1983|1
X6211741879950544372|1968|2
X6212661259247128710|1982|1
X6229654179994859596|1960|2
X6237513877520013259|1964|2
X6242611726622008333|1951|1
X6246213618299167472|1949|2
X6269987786785500107|1981|2
X6270293553792636302|1977|1
X6274564614677758692|1956|2
X6279989899984440049|1969|2
X6303800030934491888|1967|1
X6329588158272648338|1983|2
X6333580121551990421|1978|2
X6343224743504679930|1959|2
X6345163407127214080|1971|1
X6346146806172239443|1947|1
X6360994741557273653|1941|1
X6366371729130924737|1991|2
X6369294763799528573|1967|2
X6371785586294873026|1974|2
X6386990578307189453|1981|2
X6394349492951732185|1947|1
X6397227722733456080|1978|1
X6398271793946224799|1998|2
X6401994923473539984|1964|1
X6419949166647770777|1966|2
X6432511520800858004|1975|1
X6441474693266926731|1995|1
X6442972764592430002|1978|2
X6446072661433314727|1963|2
X6450763838677589691|1957|2
X6451532990833317459|1972|1
X6457326807426589740|1968|2
X6483168413720947775|1978|2
X6489624723329013301|1990|1
X6493805068648745088|1960|2
X6494998277026989436|1952|2
X6500361944376990174|1989|1
X6519393938940320947|1987|1
X6526917491776986430|1978|2
X6540892471630915745|1943|2
X6552728736004628496|1977|2
X6564313142945418162|1985|1
X6572696608218213684|1973|1
X6578252574007666472|1941|1
X6580277204962902864|1995|1
X6580511616527096883|1939|1
X6582464891870504447|1980|1
X6589068286865984353|1944|2
X6614031506854385011|1978|1
X6622044806006805109|1953|1
X6628828579566430913|1974|1
X6642593699479843225|1961|1
X6651304341802549181|1995|1
X6693071782173412062|1961|1
X6707881868054162625|1951|2
X6714639346178626531|1966|1
X6714685439674389969|1970|1
X6744096344102497992|1971|2
X6748262091669760819|1979|1
X6765192542713679561|1966|1
X6770438299777200556|1966|1
X6772517081247999692|1955|2
X6798514263823483973|1951|2
X6811383908681722924|1957|1
X6825249642951143280|1965|1
X6841722077814823882|1958|2
X6890631804855317943|1968|1
X6895690123655184113|1966|1
X6911852492917452259|1960|1
X6914906886375735432|1977|1
X6916489031985270219|1946|1
X6921465520867353531|1987|1
X6935937787984159588|1973|2
X6941499914694594613|1992|2
X6941999321347780546|1953|1
X6959453918245907632|1968|2
X6970394219105735294|1962|1
X6977492669012436387|1977|2
X6992617328750730810|1949|1
X7010136472820303589|1977|1
X7033725747850061743|1942|2
X7054199090622829648|1949|2
X7060115163012782690|1977|2
X7073442204680408709|1989|1
X7087489449510574086|1985|2
X7095356879948774966|1975|1
X7102126657654372174|1985|2
X7103402645402001345|1968|1
X7103754337134857520|1961|2
X7105672379443884529|1967|1
X7115840638357539497|1973|2
X7117831905011846997|1986|1
X7129024950997001283|1974|2
X7132144151776411609|1951|2
X7138796659677668570|1963|2
X7145965827508606919|1969|2
X7164696023081761655|1950|1
X7196641549322804571|1957|1
X7202400778635630086|1976|2
X7208023129691512097|1957|1
X7221664803573740315|1962|2
X7230559975923664346|1978|2
X7245140803303588859|1956|2
X7250511507047346263|1987|1
X7255379164314855880|1981|1
X7263763395708594735|1986|1
X7288121932702855442|1969|1
X7288161574055203217|1972|1
X7288330850462615414|1949|1
X7303115951676202897|1966|1
X7319740258593985614|1973|1
X7320454279026546124|1970|1
X7327148213849796209|1940|2
X7328945259415528803|1957|1
X7334419371723390737|1989|2
X7337602392493858649|1994|2
X7341645937326615428|1976|1
X7342957019419601232|1976|2
X7344761715691292061|1961|2
X7360580209733564839|1977|1
X7372624326027675707|1979|1
X7375318603896370760|1946|2
X7379657164016295906|1956|1
X7388952090533647109|1970|2
X7395341005611679466|1951|1
X7401422612323397542|1986|1
X7421483521150250678|1936|2
X7481673177472065619|1965|1
X7492027170371887792|1954|1
X7504785391953172375|1961|2
X7506938463854786986|1964|2
X7507276958100473354|1949|2
X7523518285114055303|1971|1
X7528832030309867444|1962|1
X7528893388683194379|1977|1
X7537268916714219975|1982|2
X7565175517471922719|1994|2
X7565753192957361995|1987|1
X7583210687622455682|1980|1
X7591645316685268535|1997|1
X7602179684464079762|1957|1
X7602808663541440175|1969|1
X7605075147543397610|1974|1
X7608061277999543869|1989|1
X7628306860440016794|1945|2
X7629626322503636921|1988|1
X7634270228366481726|1969|2
X7646860713766166318|1995|2
X7653561337875296632|1998|1
X7684998865060694329|1979|1
X7689864049608152210|1999|2
X7699936525300052016|1960|1
X7723931629238936958|1967|2
X7742596820430993298|1980|1
X7748905797412668093|1971|2
X7752474894223129045|1945|1
X7760318490912473874|1993|1
X7762138802488870567|1969|1
X7768724361477075908|1959|2
X7771658123949245239|1964|1
X7798093747798902770|1970|1
X7799289948333784235|1956|1
X7813136286643537115|1989|2
X7858411037571982561|1958|1
X7865395079218539710|1959|2
X7871887442115058703|1977|1
X7872783453721378978|1968|1
X7877229677122507905|1963|2
X7879892967246321767|1965|2
X7915201260902706680|1988|1
X7919256144250634294|1977|1
X7932457787476068078|1956|1
X7936214497698367967|1949|2
X7937841497636613967|1965|1
X7964279073018059493|1948|1
X7975084194310291897|1998|1
X7992816865960130731|1957|2
X8005527325190231139|1975|2
X8017091543080706126|1984|1
X8033619757089280290|1982|2
X8055316615297587037|1976|2
X8070920255025505298|1951|2
X8071823213978117617|1977|1
X8076125623953738247|1972|2
X8082711995075604109|1991|1
X8096199468578693088|1989|1
X8097806971858283573|1937|2
X8117162635417057662|1991|1
X8121744125362265561|1982|2
X8145112527314103058|1949|2
X8149296718612661915|1991|1
X8163701983214504820|1995|1
X8165673410658567587|1972|2
X8176023453269831198|1999|2
X8178456022085395533|1994|1
X8188788194498380403|1971|1
X8192531757372226786|1938|2
X8199408187193402387|1969|1
X8211089330043267535|1955|1
X8217825747633888722|1970|1
X8221326661768656143|1970|2
X8229432400322743065|1975|1
X8249701773355004225|1959|2
X8254076525970873380|1965|2
X8278482281971435871|1951|2
X8281669405930184108|1992|1
X8282115625163668647|1972|1
X8296988025955183232|1960|1
X8300873475336593037|1973|1
X8301839870369894639|1961|1
X8319806653169906132|1976|2
X8323644360934548457|1981|1
X8328574383326554611|1975|1
X8334360767889497766|1982|2
X8363290568900207415|1980|2
X8391295424874779415|1958|1
X8401908828587928833|1980|1
X8408549367252258413|1983|2
X8431753884809869570|1957|1
X8434876469904848791|1938|2
X8434924720550761367|1957|1
X8466567577116007314|1955|1
X8477385698781216138|1962|1
X8492066654515464613|1969|1
X8492574409436105305|1991|2
X8493034196955816447|1945|2
X8493444980874169159|1953|1
X8505166538551295449|1984|2
X8515238059130066994|1953|2
X8515628217400215507|1978|2
X8523243824318582178|1988|1
X8529764277704868796|1946|1
X8534635790150214830|1978|1
X8567022187941312076|1972|1
X8583862519985154093|1968|1
X8589901178386267793|1977|1
X8599544367236780340|1963|1
X8611870283639027899|1963|2
X8641497883194179606|1985|2
X8650278548215238854|1994|1
X8659343679716565257|1991|1
X8680101073356781600|1972|1
X8686970404127326850|1968|1
X8688198076404125641|1989|1
X8692478159983185339|1990|1
X8695119218542673975|1981|2
X8704939798586436840|1987|1
X8715868567658738678|1970|1
X8718137438224001254|1968|2
X8721780601949992052|1968|1
X8730403491058711245|1981|1
X8731776487409368782|1988|2
X8734198118112747035|1980|2
X8741174349433184886|1950|2
X8742267880507307142|1964|1
X8746564190984685966|1955|1
X8748572888554206747|1973|2
X8754406920625756455|1994|1
X8766692900687610348|1984|1
X8771472025940032632|1962|2
X8781648292693622292|1967|2
X8790003534863718894|1948|1
X8790625770167436268|1965|1
X8797874121465616238|1962|2
X8805163149292901601|1976|1
X8811837626288647177|1954|1
X8812877984912250766|1958|1
X8834750453021215460|1982|2
X8838999392661228355|1959|2
X8850891072351238058|1960|2
X8865476319230101666|1992|1
X8876416626138496151|1992|1
X8884164008288654861|1963|1
X8886236610784901742|1964|2
X8890886759859147148|1975|2
X8899693530006478617|1992|2
X8933466249362344115|1967|1
X8939156185891248893|1978|2
X8944341709954860023|1963|1
X8967892598912885710|1936|2
X8970852951189928170|1951|1
X8976390857387141805|1971|1
X8981031327187927037|1994|2
X8982299030708383819|1987|2
X8982497419933066867|1987|2
X8999882748598882768|1983|2
X9007776354896499587|1979|2
X9023788205198347645|1994|1
X9034801048508178940|1954|2
X9038738513130002045|1977|2
X9040676549413480054|1956|2
X9042331967260337131|1989|1
X9044893662880738508|1971|1
X9049282879139440841|1965|2
X9051294408518868314|1957|2
X9055966790623436890|1989|2
X9056698018103021298|1953|1
X9073416955474159526|1979|2
X9098835897158917209|1978|2
X9104506118299432136|1983|1
X9115526188983955031|1954|2
X9125070092932794772|1975|1
X9133792836259283212|1960|2
X9136028598980876921|1975|1
X9144730484495174920|1982|1
X9148099172821747392|1971|1
X9150875817146585584|1977|2
X9155280225864769259|1995|2
X9155703679955279888|1985|1
X9163120141947998734|1971|1
X9166028421661272438|1947|2
X9172438737477005690|1970|1
X9197753459871828555|1964|1
X9209300664120588702|1983|1
X9211344407087456644|1948|1
Y0002984606275317649|1948|2
Y0007972746217782828|1978|2
Y0008718084983601699|1976|1
Y0011172009313397020|1958|1
Y0014597534430206208|1958|1
Y0033482607909954011|1966|1
Y0035172137297082871|1970|1
Y0039583810773771047|1978|2
Y0060777747184400862|1965|1
Y0070407632580555850|1999|2
Y0093067060751535014|1987|2
Y0097665995629701620|1941|2
Y0110366046363306324|1957|2
Y0114178729686448862|1973|1
Y0121151563529285517|1982|2
Y0122762853295397744|1973|2
Y0141915016383868488|1963|1
Y0146817137213679292|1985|2
Y0153970626948631353|1990|1
Y0164539068852949573|1941|2
Y0164956567099360978|1947|2
Y0185709562538673438|1989|1
Y0191885808068823319|1982|1
Y0202129116644456817|1952|1
Y0204734752345449233|1962|2
Y0213746572615198981|1972|2
Y0215332143478173853|1953|2
Y0218688707337931413|1971|2
Y0219842679825470848|1948|1
Y0222772108696537703|1986|2
Y0235826207624755288|1982|1
Y0250371322610289316|1959|1
Y0251872606356726808|1946|1
Y0260096545932891135|1980|2
Y0268352929006558430|1959|1
Y0269674922199235314|1947|1
Y0288846700794376094|1959|1
Y0288859770925309861|1983|2
Y0294565203696853688|1945|2
Y0309985247865046775|1985|2
Y0327958497247883828|1967|2
Y0336380672230492001|1976|1
Y0340382818639927283|1954|2
Y0341601789722240199|1982|2
Y0370786830205229654|1961|1
Y0372744540994919242|1984|2
Y0384073073736955569|1959|1
Y0391406163649146859|1954|2
Y0393989580823627334|1989|2
Y0435820899087274843|1949|2
Y0438691801990733168|1968|1
Y0450918405465201181|1958|2
Y0453184932784098752|1985|1
Y0455138031846655244|1969|1
Y0463153692990488621|1989|2
Y0463935636511543762|1991|2
Y0467887007866405245|1970|2
Y0472371910151780242|1941|1
Y0472547697655813472|1958|1
Y0473132490257795197|1998|2
Y0499703416031054747|1972|2
Y0509731655469401874|1946|2
Y0525384207716381812|1942|1
Y0532235005882892679|1982|2
Y0535357903134299832|1974|2
Y0549561181586236828|1999|2
Y0559082170695305112|1992|1
Y0561281897821366561|1978|2
Y0568621759998841130|1967|2
Y0576281845362813254|1980|1
Y0594582759501286710|1949|1
Y0607754836346667257|1986|2
Y0657010787623758785|1961|2
Y0666697466237748961|1966|1
Y0667779122006457724|1959|1
Y0691758915902149450|1989|1
Y0703784506445992287|1943|2
Y0717893377730953035|1952|2
Y0733419122643773473|1998|1
Y0735849434952782548|1970|2
Y0737851897799018918|1944|1
Y0745396451855961859|1962|1
Y0776582862212869506|1981|1
Y0808845532223891476|1991|1
Y0814056575052670957|1966|1
Y0815070456588524386|1966|1
Y0821170367096969334|1982|1
Y0821470276267997022|1959|2
Y0823558838876221971|1976|2
Y0828595664994107315|1963|1
Y0856096095359519403|1961|1
Y0859971130369270698|1964|1
Y0871070522673349425|1991|1
Y0878773418718939798|1976|2
Y0890184834320208688|1944|2
Y0890675075099321767|1986|1
Y0896098719903115610|1982|2
Y0899796333427199645|1940|2
Y0902900672851366751|1951|2
Y0910427370779279158|1985|1
Y0920659832735536150|1976|1
Y0927746459442318379|1945|1
Y0945201904854801425|1971|1
Y0946011411484677151|1975|1
Y0947252548098620004|1961|1
Y0988203584506827742|1984|1
Y0996677746749631205|1969|2
Y1009603554496697372|1971|1
Y1026863202903381200|1973|1
Y1028977482274188285|1961|2
Y1068312355081635156|1959|1
Y1074902485812137698|1973|2
Y1076216466221389814|1964|1
Y1091033848680387490|1971|2
Y1103619448801561773|1955|2
Y1140830821698414749|1973|1
Y1145167776820116775|1966|1
Y1155482234175577381|1990|2
Y1155718367703604278|1979|1
Y1162647180865906401|1935|1
Y1163242437279653183|1999|1
Y1165074576394813972|1959|2
Y1169345919809948392|1977|2
Y1185984362608221631|1995|1
Y1189168391205176395|1979|1
Y1192434082772469096|1983|1
Y1195882103659015442|1966|1
Y1203325665721816948|1967|1
Y1215589832401166000|1974|1
Y1217863161248888475|1994|1
Y1229873333820521416|1973|2
Y1232670848829461097|1986|2
Y1244683986338860401|1978|1
Y1251668487207586955|1970|2
Y1255305093774337991|1999|1
Y1257322181543979194|1936|1
Y1265166746119936458|1976|1
Y1281581034460025621|1993|1
Y1317083463356092208|1979|2
Y1324546689819241646|1963|1
Y1324855352696681095|1957|2
Y1328074969990410767|1982|1
Y1329377463364715414|1956|2
Y1347012527992815443|1989|1
Y1350861185994379400|1961|2
Y1359214595709543250|1958|2
Y1362106454319218526|1952|2
Y1364787134066124603|1985|1
Y1384397369710506227|1982|2
Y1420482266100124699|1948|1
Y1447779847222505542|1995|1
Y1456485395338858593|1985|1
Y1473019388652201017|1971|2
Y1479284606902891440|1986|2
Y1479989257448760357|1938|1
Y1481527929981020389|1951|2
Y1495264510876017537|1970|2
Y1498747296796939916|1958|1
Y1511850893556782603|1986|1
Y1515209650905605608|1952|1
Y1518030714125788239|1974|2
Y1521485302595480248|1967|2
Y1530561398249031029|1978|1
Y1546997348410495404|1971|2
Y1547206595110548940|1946|2
Y1549731621589440982|1996|1
Y1550616174282626487|1992|2
Y1567416189751124170|1972|1
Y1568678593813698364|1958|1
Y1573335242158987957|1956|2
Y1573616210974405727|1983|1
Y1597999462280812803|1968|2
Y1598700484170501707|1945|1
Y1631217588228042283|1961|1
Y1648486236410022957|1959|1
Y1650107169025224275|1967|2
Y1656345771944601704|1969|2
Y1677884849474727414|1974|2
Y1681676855794114813|1960|1
Y1687579903382702003|1984|2
Y1689084509712519021|1955|2
Y1707120610842910888|1980|1
Y1731315041913183968|1958|1
Y1740443789939839753|1988|1
Y1741847179480451316|1981|1
Y1741954709841297649|1977|1
Y1744364901431395329|1975|2
Y1755159136280402169|1994|1
Y1764967785974737042|1961|2
Y1777115141429041023|1980|2
Y1800878995629238059|1970|1
Y1805897523099900599|1962|1
Y1807560903442760671|1984|2
Y1808125897054252743|1992|1
Y1825659287732615221|1961|2
Y1831844463978126599|1970|2
Y1834796479412338599|1964|2
Y1840363113886590294|1967|2
Y1862873853767826860|1966|2
Y1864443639363322253|1972|2
Y1868331175527694988|1972|1
Y1871635992762270585|1973|1
Y1872186632862551547|1987|2
Y1886201230501023516|1939|1
Y1911053748138864619|1987|2
Y1925530249934669390|1962|1
Y1939798746721693876|1968|2
Y1962805808437611258|1968|1
Y1963271853339619418|1991|1
Y1979371434848868562|1971|2
Y1984970387261595614|1969|1
Y1987074999907119639|1954|1
Y1991299553034221150|1979|1
Y1996370410435565691|1955|1
Y2000478561074332610|1990|1
Y2004615668558565980|1950|1
Y2007284976044495244|1970|2
Y2011167133830967291|1976|2
Y2011904826993818251|1956|1
Y2012522549600109653|1990|2
Y2020191516232483902|1953|2
Y2028520693440704036|1971|2
Y2045206047843575913|1977|2
Y2061005772705548286|1987|1
Y2062971086639181928|1955|2
Y2073392471256126474|1988|1
Y2085788419544177797|1983|1
Y2112926173339530984|1977|1
Y2139664804664761270|1953|1
Y2146119327338951799|1949|2
Y2147167939089536203|1984|1
Y2164009409690233304|1969|2
Y2167467320384377419|1971|2
Y2169172280561848695|1984|1
Y2206731841682428382|1976|2
Y2207505609572701481|1991|1
Y2210164557128764871|1949|2
Y2227132954625892497|1977|1
Y2231568498248833519|1996|1
Y2248901335492451579|1968|1
Y2273933670550765810|1957|2
Y2277367860551270091|1961|1
Y2288710398588804819|1992|1
Y2300644202172776062|1966|2
Y2320346236510974308|1989|2
Y2340194279258139635|1993|1
Y2348225552298655459|1988|1
Y2351363211964963692|1980|1
Y2354834515293725320|1987|2
Y2385130091364482620|1979|1
Y2385638408332857159|1975|1
Y2393568506141150676|1965|1
Y2395888751322831075|1999|1
Y2406289797670987262|1958|2
Y2431142974710553301|1990|1
Y2447107642310099109|1963|1
Y2448392506827812840|1971|1
Y2451494443789594670|1983|2
Y2454398036360633182|1973|1
Y2457577016486116651|1962|1
Y2466622852898626695|1993|2
Y2470585613425503722|1962|2
Y2474031879055835664|1982|2
Y2485434017319790668|1959|2
Y2494870810514014209|1999|2
Y2494923531840043929|1979|1
Y2496483858496323750|1942|1
Y2511104162816960169|1963|2
Y2519911343304713465|1991|2
Y2521122369975725648|1950|2
Y2524081355742620226|1980|1
Y2535423389351638988|1961|2
Y2540936866810071038|1964|1
Y2543745860597594196|1962|1
Y2543776640039854457|1967|2
Y2544780650137842785|1992|1
Y2552626178675891200|1965|2
Y2568832658042041270|1969|2
Y2591876411871793933|1970|1
Y2598502210746385154|1953|1
Y2620003846735883043|1949|1
Y2657896898233964804|1972|2
Y2662846091537692108|1941|2
Y2666006355645391550|1943|2
Y2669505682778024660|1968|1
Y2688953586052817988|1997|1
Y2691434261264253356|1946|2
Y2697715036974597869|1963|1
Y2700734492402937342|1965|1
Y2703058320902497509|1989|1
Y2705419322207938248|1982|1
Y2711410704503291977|1940|1
Y2718699480994184853|1946|2
Y2723042609556054823|1966|2
Y2723761464439441360|1946|1
Y2725931436386482464|1963|2
Y2726819666415730273|1974|2
Y2729652101961164197|1953|2
Y2738906783848966835|1956|1
Y2745935384130978825|1977|2
Y2750236254344207947|1947|2
Y2781789033318841363|1981|2
Y2784258348558791434|1959|1
Y2787873541015938338|1975|2
Y2797077430814750149|1978|2
Y2816833705434138978|1961|2
Y2832245408857953910|1957|1
Y2838381659527393859|1985|1
Y2850910098680653377|1984|1
Y2872370909723709542|1958|1
Y2886026775964976789|1965|1
Y2894290340353797143|1991|2
Y2900944492303678766|1986|1
Y2920541298243272830|1981|1
Y2942980779471225592|1983|1
Y2950005310975460474|1996|1
Y2951284688763581472|1935|2
Y2952447153672045189|1983|1
Y2952564644996725485|1971|2
Y2957549054447999553|1981|1
Y2959699235456339874|1991|1
Y2960690537939881770|1974|2
Y2963799372947834286|1957|2
Y2966293720940617129|1985|1
Y2971116654880580967|1979|1
Y2972204708840314271|1999|2
Y2988723409697787142|1982|1
Y2990938386517783756|1966|2
Y2993694819046043735|1961|2
Y3004345982193299387|1966|1
Y3021436527417061699|1995|1
Y3051973661387246552|1994|2
Y3052535645909630684|1992|2
Y3055268499097556130|1969|1
Y3082550862601267750|1959|1
Y3086819664955107441|1962|2
Y3087146675105087026|1977|1
Y3091618258259131672|1989|1
Y3091664858106064719|1970|1
Y3101236064036394916|1973|1
Y3108462078276442057|1949|1
Y3111733005111584324|1955|2
Y3122581878526640641|1963|2
Y3126188824871343261|1939|2
Y3154684447057348247|1954|2
Y3167038810143980726|1962|1
Y3171757736121775895|1960|1
Y3189404590841075447|1972|1
Y3193493254854323288|1981|2
Y3220237653176344350|1970|1
Y3223460898099956568|1952|1
Y3229057961680312927|1982|1
Y3232695496495886828|1985|2
Y3234566588832676304|1979|1
Y3234983830789588243|1968|2
Y3239527340684875646|1984|1
Y3240092872164594631|1972|1
Y3242629960205945110|1973|2
Y3255424730621361077|1967|2
Y3256021202988062180|1996|2
Y3274174106725164027|1959|1
Y3293153203134177714|1984|2
Y3295660477227113345|1940|2
Y3311236189820594015|1965|1
Y3322209762513146733|1956|2
Y3339969962902956954|1971|1
Y3340069361047519676|1966|1
Y3351413681205172701|1966|1
Y3357183480268628312|1963|1
Y3362255872904570933|1938|2
Y3368634375412961940|1985|2
Y3399392766415886228|1985|1
Y3402589656088291124|1964|1
Y3411364561065875708|1966|2
Y3413330855287540382|1949|2
Y3440902105257089604|1973|2
Y3469471033752949696|1975|1
Y3484578647487029244|1978|2
Y3493609764771543316|1952|1
Y3500381905089116400|1989|1
Y3507362596860659968|1977|1
Y3508923065662036547|1946|1
Y3519017526910988511|1966|1
Y3540443888284693349|1971|2
Y3542716642054139708|1988|2
Y3552270988700876186|1994|1
Y3553855734795642071|1960|2
Y3560229685771314895|1956|1
Y3568381655208691075|1974|2
Y3569650708183264830|1975|1
Y3569725858900533695|1958|2
Y3571270764210261633|1987|2
Y3602717277003997129|1980|1
Y3611286252860329984|1995|2
Y3611399993299294843|1985|2
Y3613673757433073699|1971|1
Y3620915963563143982|1979|2
Y3643109240628878596|1949|2
Y3649237875824385044|1942|1
Y3652634905813675010|1968|2
Y3663749760596749153|1958|2
Y3711647440849213403|1983|1
Y3721940518312934615|1996|2
Y3738863987404745460|1940|1
Y3739999743339438650|1958|1
Y3745344516270583832|1961|1
Y3769595454593399656|1961|1
Y3773164522479140059|1967|1
Y3788927098157992674|1979|2
Y3796070559388432755|1999|1
Y3797580576279833023|1961|1
Y3799560396514410748|1969|1
Y3820420226372237198|1959|2
Y3821586992480885239|1958|1
Y3822022699689732799|1985|2
Y3822781604610594825|1991|1
Y3839359507291324856|1992|2
Y3855090617104846682|1984|2
Y3861525099022140411|1977|1
Y3864197287935600463|1986|1
Y3867847495562778779|1986|2
Y3891088624860395268|1962|2
Y3897424630542748067|1968|2
Y3902922040934236358|1993|2
Y3902962583296240358|1982|1
Y3905932844063226025|1976|2
Y3909207474643593017|1958|2
Y3910487648435323025|1936|1
Y3914720689920118958|1973|1
Y3919379274912323155|1961|2
Y3930256909210283093|1975|1
Y3935318815674176282|1966|2
Y3939878825676935351|1973|2
Y3965906790098973002|1963|2
Y3982606713359347908|1973|2
Y3985362857764430643|1938|2
Y4026730468423821728|1971|2
Y4031549294906894139|1961|1
Y4038265182176198589|1988|1
Y4043812441426264958|1981|2
Y4049046323848750830|1987|1
Y4051012828600642674|1952|1
Y4052080979000660855|1997|2
Y4067212999700465992|1956|2
Y4070799594329366449|1977|1
Y4092702534299796589|1942|2
Y4099366042659468840|1995|1
Y4105443151987183895|1943|2
Y4119738038817175257|1973|1
Y4141724432006851993|1965|1
Y4142691842783501499|1986|2
Y4160142543824496358|1999|1
Y4163078210952999481|1959|2
Y4166938131549494162|1984|2
Y4209286440807803586|1967|2
Y4218300964320309265|1972|1
Y4218679901903107144|1961|1
Y4237904494401726536|1981|2
Y4253612210081328801|1974|2
Y4261599836688426203|1993|2
Y4265226305627397115|1940|2
Y4329237931349122928|1999|1
Y4368820189434939605|1967|1
Y4378499765817927097|1977|1
Y4381333621991238960|1975|2
Y4382380577846426077|1967|1
Y4385186857403375112|1967|1
Y4397568907984195713|1986|2
Y4403576531243976694|1988|1
Y4409874842912850137|1962|2
Y4418734127936840255|1955|2
Y4420951360125504602|1985|2
Y4424826621314977678|1977|1
Y4444084041264321326|1973|1
Y4458496161968069485|1990|2
Y4473033715631440717|1935|2
Y4478806373472103991|1992|2
Y4490449889704059327|1995|1
Y4501928668250918599|1983|2
Y4515926251249939066|1971|1
Y4550194274009828903|1999|1
Y4554047607274701323|1981|1
Y4556067749495245441|1992|2
Y4558938327810329996|1989|1
Y4587728930161978970|1978|2
Y4597662796539054636|1983|1
Y4600735969744201587|1964|2
Y4611029482486798697|1957|2
Y4621659763759187333|1950|1
Y4622270242277718660|1983|2
Y4625546182044906526|1976|1
Y4649917859251791959|1981|2
Y4651421260348207150|1979|1
Y4652023861264797361|1947|2
Y4671303188843086314|1975|1
Y4673793197100396947|1948|1
Y4680696938296117033|1963|1
Y4682243015951733342|1980|2
Y4685072287601351049|1993|1
Y4690693525942371250|1994|2
Y4718674145056244274|1999|2
Y4754233339662830401|1987|2
Y4759658502126341997|1968|1
Y4764968218740954778|1982|2
Y4773367529522503919|1974|1
Y4782184600193126283|1958|2
Y4787385883996946308|1993|2
Y4791793762573196340|1982|1
Y4805695976940421671|1978|2
Y4811745063063622614|1966|1
Y4821480765368333775|1964|2
Y4832980576875254769|1944|1
Y4834268975377283357|1946|2
Y4852088461584391225|1997|2
Y4866101852978409055|1993|1
Y4868990183637330855|1940|1
Y4878142015201645080|1995|2
Y4879541814544838558|1998|2
Y4886317543494432344|1995|2
Y4903712076563608750|1974|1
Y4903757142728150938|1964|2
Y4904060863877209549|1969|1
Y4908988466107884424|1969|2
Y4914276992063140375|1966|2
Y4918290471757666928|1956|1
Y4925801460940411619|1978|1
Y4959103760764161509|1958|2
Y4969328583161654915|1984|1
Y4969396654601149083|1989|2
Y4974395370839530529|1978|2
Y4977163676571366354|1984|2
Y5001969401989795281|1961|2
Y5006756224676778181|1964|2
Y5008811737342877466|1981|2
Y5015767766248843890|1973|1
Y5032648625502134601|1980|2
Y5035856233550350753|1972|1
Y5079900248191039719|1978|2
Y5080638196184995062|1970|1
Y5080777678906987450|1992|1
Y5105852171075525183|1990|2
Y5107432665221020145|1996|2
Y5109439427185092204|1995|1
Y5121322866793129743|1960|1
Y5128332701649680274|1977|1
Y5137777622326801782|1981|1
Y5151150885669461258|1973|1
Y5162419113752270325|1967|1
Y5171982384257210871|1943|1
Y5172074183712247725|1981|1
Y5188133070499328172|1954|2
Y5192495686086311954|1984|2
Y5195360560289151242|1974|2
Y5200465246113759868|1960|1
Y5217400839128287952|1980|2
Y5224500252377275603|1967|1
Y5227876442666660082|1957|1
Y5239875184135763130|1944|1
Y5245481114400874396|1968|2
Y5261211062545385136|1977|2
Y5261560204837401348|1954|2
Y5278175780928263370|1993|2
Y5280306155375467897|1996|1
Y5282650719086698110|1999|2
Y5283092580098348120|1951|1
Y5286153931548960287|1971|1
Y5306239081068745024|1952|1
Y5306897840681023348|1986|2
Y5307741165460744657|1975|2
Y5323084443850950636|1981|2
Y5329324600281949699|1995|1
Y5334146432468591160|1983|2
Y5340936203157389303|1994|1
Y5356266357080086810|1965|2
Y5364128140200963284|1962|2
Y5370218194598894810|1990|1
Y5386370953964208901|1968|2
Y5395701056688399211|1996|2
Y5410473196180187359|1982|2
Y5422797144961880981|1982|2
Y5435811984644292065|1965|1
Y5436111551055412395|1975|1
Y5459509625102355365|1975|1
Y5461605987397146880|1961|2
Y5463967655344566005|1955|1
Y5464456933012475364|1954|2
Y5486999307919241004|1973|1
Y5501883013567278890|1970|1
Y5512352453418744068|1974|2
Y5513863995724060499|1949|2
Y5528062684336696037|1998|2
Y5530484668337033989|1977|1
Y5543361009270539805|1955|1
Y5544373236793867380|1972|1
Y5545987143637489584|1979|2
Y5549234012212544903|1993|2
Y5554570783088478273|1958|1
Y5559996244843226838|1983|1
Y5567874454669123659|1974|2
Y5572603861252841128|1967|1
Y5578749292349550683|1971|2
Y5591651511785838099|1961|1
Y5611376732064087303|1973|1
Y5614119249724279889|1964|1
Y5620054868464577035|1947|1
Y5624432920081272958|1964|2
Y5644948185621021947|1991|1
Y5654252465952291436|1998|1
Y5654548273169222887|1972|1
Y5707450346711864297|1989|2
Y5728363266000882027|1953|2
Y5729388394231296701|1988|1
Y5737197901385997228|1981|1
Y5764110112934134369|1993|2
Y5777622515514174202|1967|1
Y5780494116385553405|1974|2
Y5784974957833534359|1954|1
Y5785752502994568770|1995|1
Y5787494912960152463|1962|2
Y5798021414144408760|1976|2
Y5806826117232702403|1964|2
Y5816816430440292185|1990|1
Y5820624705114763907|1984|1
Y5843901328194308064|1987|2
Y5844981076762473782|1990|1
Y5845038713685879399|1953|1
Y5846299600898410635|1966|2
Y5850324972533124299|1971|1
Y5853598095326683176|1942|1
Y5853969593521517292|1969|1
Y5859398065303876825|1974|2
Y5866227403878396571|1964|1
Y5871761427022471996|1964|1
Y5872926302031195663|1978|1
Y5874930628234730271|1948|1
Y5880785666879749863|1985|2
Y5890700203825516543|1973|1
Y5892866577900081275|1961|1
Y5921690676158934879|1992|2
Y5923780673877936222|1965|2
Y5932949124347850998|1964|2
Y5956488119105032481|1987|1
Y5980513998070064461|1971|2
Y5984387311171856207|1992|1
Y5985415059234349069|1938|1
Y5988169058440976259|1957|1
Y5991434804608701605|1964|1
Y6006260466715250187|1964|1
Y6009189105061334008|1991|1
Y6012379397285238315|1952|2
Y6017623863546829566|1992|1
Y6027039133471867753|1956|2
Y6037270546368956029|1980|2
Y6038215666159499486|1985|1
Y6044356183202388190|1984|2
Y6050121631462354245|1953|1
Y6073919714772517674|1970|1
Y6093464963342158219|1976|2
Y6095998895732600250|1957|2
Y6099330856149735567|1964|1
Y6101108480461185260|1974|2
Y6106519723144642236|1972|1
Y6111391079176082760|1951|1
Y6122328290822337182|1987|2
Y6122948053149864573|1990|1
Y6141750533567094030|1971|1
Y6166559212753114669|1968|1
Y6198428090663915792|1991|1
Y6200218954464334524|1994|2
Y6211937165485588223|1969|1
Y6215483783467527828|1960|2
Y6237077278532478049|1973|1
Y6248824364732518511|1957|1
Y6249177784227008976|1983|2
Y6270609069347101521|1954|2
Y6294794886308898545|1976|1
Y6296365828223989746|1987|1
Y6317225096640959624|1946|1
Y6344619849506706376|1974|1
Y6350829089910315474|1972|1
Y6354186126392499544|1975|1
Y6369305206380963203|1960|1
Y6381079037710891856|1968|1
Y6402185435880980975|1973|1
Y6402966908765028389|1992|1
Y6408609956187479688|1957|1
Y6418961307898868312|1990|1
Y6421115261950498012|1990|2
Y6425189660677712823|1999|1
Y6438322491801516974|1958|1
Y6445359430202284575|1975|2
Y6445950753490072451|1976|1
Y6446156653029776563|1992|1
Y6460813134950159824|1985|2
Y6493096343452310189|1965|2
Y6494212807257034863|1989|1
Y6501410140356760650|1935|1
Y6515025314125406953|1939|1
Y6526756877402741477|1979|2
Y6533947553115862657|1985|1
Y6540405138194851730|1982|1
Y6540510732896085597|1975|1
Y6542148449312210538|1971|1
Y6549882481511032773|1993|1
Y6554613488188315905|1958|2
Y6559225896331068788|1973|1
Y6559949978418018791|1988|1
Y6565619735625055024|1979|1
Y6567124627134752807|1980|2
Y6567400462955070484|1971|1
Y6570263457244158866|1968|1
Y6579723822084511157|1978|2
Y6613320814195876351|1975|2
Y6625228507494597947|1994|2
Y6628046841367956558|1972|2
Y6628111007855930700|1971|2
Y6649129563492465064|1961|1
Y6670318470156218088|1973|2
Y6673749445360880153|1940|1
Y6675515959647672388|1974|1
Y6686024753316708591|1955|2
Y6696816781892987743|1962|1
Y6698228315500934570|1976|2
Y6699270705586457385|1978|2
Y6702748270620788805|1970|2
Y6703344515721051128|1985|2
Y6705340509372570555|1977|1
Y6705554295608640836|1993|2
Y6725622755041552008|1936|2
Y6744118406758601717|1956|2
Y6764442020275133010|1966|1
Y6788662954794034512|1952|1
Y6789537436088996268|1959|2
Y6799698194370998624|1978|2
Y6803017584837780185|1955|1
Y6804294147920251408|1972|1
Y6805756445175498873|1973|2
Y6807097536240378400|1979|2
Y6809260096106426470|1991|1
Y6812314248966326856|1957|2
Y6818132691288907247|1938|2
Y6833444005633850642|1973|1
Y6835358592576075433|1974|1
Y6837592418131627821|1974|1
Y6844348385996005178|1980|2
Y6847102525225936286|1964|1
Y6877485367489552587|1975|1
Y6900005730444585131|1961|2
Y6944297225191586374|1987|2
Y6951146293799162393|1982|2
Y6957046578225412972|1935|1
Y6971363263891671978|1969|1
Y6971754261593724683|1946|2
Y6972854289397088283|1992|1
Y6974711977326633571|1957|1
Y6986103645811939146|1991|1
Y6992303911095855492|1952|2
Y6994725979556734910|1942|2
Y7000172030829330146|1949|2
Y7002973153572004349|1979|1
Y7012599018740137203|1985|1
Y7033618603311048973|1960|2
Y7034518589126003745|1954|1
Y7038295002126712869|1996|1
Y7047312482354242184|1959|1
Y7056921086352853887|1986|1
Y7072649982279439060|1986|2
Y7109966169593436105|1972|1
Y7118700994762640164|1975|1
Y7134767015892633609|1972|1
Y7135368825635237666|1989|1
Y7140878276456249765|1954|1
Y7141797492199896303|1966|1
Y7143330132395046058|1983|2
Y7145895492537318421|1974|2
Y7146563970278866184|1954|1
Y7147210749383805906|1990|2
Y7162304758233152102|1996|2
Y7170005945460657081|1959|2
Y7170265924273196757|1986|2
Y7175374035023869315|1986|1
Y7185510504488456708|1977|1
Y7186265407421910697|1961|2
Y7194101688081827373|1962|1
Y7203106304902611582|1979|1
Y7208925652478341261|1959|1
Y7220067877809688176|1980|2
Y7222973650441865137|1971|1
Y7232528556284275639|1979|2
Y7253025006706695263|1953|1
Y7277769030775532958|1967|1
Y7280630607652891052|1958|2
Y7291928407709632678|1970|2
Y7293756593553235166|1966|2
Y7308934405816069799|1974|1
Y7313207295168515233|1967|2
Y7315538021584993539|1962|2
Y7333028892762031001|1949|1
Y7336506418472716115|1970|2
Y7337703186054445561|1979|1
Y7340046859204237574|1964|1
Y7350624344478070232|1986|2
Y7355817375780553659|1978|1
Y7382935527486057201|1987|1
Y7391337814257502820|1969|1
Y7391787764591301930|1958|2
Y7400815464955162498|1997|1
Y7442564863724740699|1968|1
Y7465980796774461984|1984|2
Y7468666815168967326|1950|2
Y7499421410581806551|1983|1
Y7499905132603894553|1987|1
Y7507891326571036669|1980|1
Y7509080100125744301|1968|2
Y7515887435288615712|1946|1
Y7516679128081899704|1999|1
Y7517007615891622584|1984|2
Y7527719386433258647|1962|2
Y7548947657654834724|1972|1
Y7568266633430278195|1966|2
Y7579088697137372400|1976|1
Y7582534117967252092|1984|2
Y7583081376384797379|1964|1
Y7583632574166535563|1993|2
Y7585398196300420118|1956|2
Y7596290156592772121|1976|2
Y7610298140810042085|1993|1
Y7613830522303182561|1963|1
Y7614773690778870961|1987|1
Y7638543015302676906|1968|2
Y7643661815725883097|1990|2
Y7646587040048502182|1974|1
Y7650233602388758327|1954|1
Y7669187291382719076|1979|2
Y7685069471178538271|1970|2
Y7695733644307577624|1951|1
Y7697528249964980528|1993|2
Y7723181130958967455|1962|1
Y7723958801773323580|1946|2
Y7727707698868620321|1959|1
Y7735759745149357089|1981|2
Y7738389906956404172|1989|2
Y7757290349131752783|1962|2
Y7757803171205863885|1990|2
Y7765449931607189098|1968|1
Y7790483197177313550|1993|2
Y7791115706354177638|1966|1
Y7794063458142857653|1976|1
Y7808582974846719373|1974|2
Y7819032555786304729|1954|1
Y7822628455141599636|1968|2
Y7825584341617059378|1964|1
Y7833505890135645522|1949|1
Y7836150107838384928|1959|1
Y7839515214975003451|1985|1
Y7843007798708628109|1976|2
Y7887059783447159013|1966|1
Y7892059919888511647|1986|1
Y7892687882666572458|1983|1
Y7894737437758398718|1988|1
Y7910971352761807933|1977|2
Y7914270153684977071|1992|1
Y7930186835226764663|1935|1
Y7958495679973148543|1973|2
Y7963869115567600645|1969|2
Y7973967247047166529|1988|1
Y7975937785068175150|1988|2
Y7986102974061594796|1968|1
Y7993630372703935726|1967|1
Y8001321078569382789|1952|2
Y8009662390545355689|1977|2
Y8010977067961993668|1968|2
Y8024313768245063028|1988|1
Y8031809922554667739|1990|2
Y8034501945943617757|1967|2
Y8035901391112166394|1970|1
Y8041283551610325706|1994|1
Y8054635167423122763|1973|2
Y8060816867300905595|1953|2
Y8074813728224946034|1971|1
Y8084454671963709001|1995|2
Y8101286501226157659|1981|1
Y8111099431761198582|1967|1
Y8130515458519786186|1970|2
Y8133908728360041251|1979|2
Y8133979987697508114|1989|2
Y8151374539601212265|1967|1
Y8153324027474959581|1956|2
Y8154571170605433526|1998|1
Y8154865721827538015|1949|2
Y8157824128191141411|1966|1
Y8164946013851830568|1954|1
Y8172019365949089395|1940|1
Y8182820902800601822|1965|2
Y8190867572215572527|1977|2
Y8193562273355793367|1940|1
Y8194678813049574885|1947|2
Y8200702232826950317|1988|1
Y8201044165839288648|1972|2
Y8208891136489690033|1978|1
Y8218473664069969734|1955|1
Y8228086438598631465|1946|1
Y8237685114933457531|1936|2
Y8262041536179314020|1969|1
Y8275110016269845342|1984|2
Y8317893345430872108|1972|1
Y8322002827612261506|1982|1
Y8330865540772093717|1985|2
Y8332392175262871912|1993|1
Y8339714243883866293|1971|1
Y8345649441805096968|1993|1
Y8357144841864312326|1942|1
Y8363100229506288651|1967|1
Y8374511893374035011|1977|2
Y8392635190768381373|1964|1
Y8394202947666597997|1941|1
Y8394458602237210821|1985|1
Y8413108901668824504|1988|2
Y8431328089867404283|1953|2
Y8458516181368583586|1937|1
Y8461022336202767663|1958|2
Y8461414808197219894|1973|1
Y8466378882568326909|1971|1
Y8476142566138987735|1999|2
Y8480673957803000700|1975|2
Y8485465623721498749|1985|1
Y8493241275876466875|1987|1
Y8497359613583037622|1954|1
Y8500790320551684090|1959|1
Y8503531678444273064|1966|1
Y8523241158998654291|1980|2
Y8537356141204830958|1950|2
Y8546542161854287303|1992|2
Y8566094022031886213|1969|2
Y8584439827650276683|1949|1
Y8595603633158306365|1981|1
Y8601999513499516081|1958|2
Y8626791340051708039|1990|2
Y8630426129995567745|1961|2
Y8631216687941063002|1953|1
Y8657928033910305018|1936|2
Y8659189423801432942|1959|1
Y8691037283092060496|1957|1
Y8693382545780040547|1971|2
Y8696862146880151618|1992|1
Y8701767641967628096|1961|2
Y8702634169880250032|1938|1
Y8710203905504026636|1967|2
Y8717703648114187162|1976|2
Y8727452605037025412|1982|1
Y8758410802603145157|1989|2
Y8766535331813214944|1966|1
Y8810964551608648397|1972|2
Y8819355479204351321|1966|1
Y8821041736820439798|1971|2
Y8824504270794341858|1970|2
Y8828604787445532173|1983|2
Y8845312458086382016|1962|1
Y8848969647177590065|1971|1
Y8854558505012751767|1972|1
Y8887436978854411641|1952|1
Y8887736319555395453|1972|2
Y8907821805717427026|1990|2
Y8911728879978712618|1984|2
Y8915228006596682318|1988|1
Y8922039552388991516|1985|1
Y8924990316361945338|1974|1
Y8926028030545140833|1955|2
Y8946115732391827606|1963|2
Y8947578598037232324|1955|1
Y8948422459348416622|1960|1
Y8996123880179935721|1942|1
Y8996145084197371959|1968|2
Y9012026143487879206|1957|2
Y9018416491725065971|1984|1
Y9027551742239405789|1968|2
Y9036303097000880027|1971|1
Y9037370780599024859|1989|1
Y9040713017735299556|1969|2
Y9055047575934023039|1963|1
Y9056121299138274495|1951|1
Y9089490070489796004|1956|1
Y9090645599903848946|1991|2
Y9096363224445358592|1946|2
Y9097229534147420264|1951|2
Y9105682526047271269|1943|2
Y9108275803189916003|1959|1
Y9109756866971494702|1983|1
Y9110632481067346149|1970|2
Y9119582575700018699|1980|1
Y9124103536528591962|1974|2
Y9125059031177509047|1981|1
Y9126128491949967285|1950|1
Y9138060787173192882|1982|2
Y9140856072451309510|1956|1
Y9144321521956199145|1981|2
Y9153243936309408732|1974|1
Y9162920100890872630|1985|2
Y9164594422746599633|1978|1
Y9180567206231416881|1981|2
Y9181513434793472471|1979|1
Y9182798377373211876|1983|1
Y9212450030016052600|1970|2
Y9218641984009740630|1978|1
Y9222402642167019485|1961|2